order_id,order_date,ship_date,ship_mode,customer_id,customer_name,segment,country,city,state,postal_code,region,product_id,category,sub_category,product_name,sales,quantity,discount,profit
CA-2014-145317,2014-03-18,2014-03-23,"Standard Class",SM-20320,"Sean Miller","Home Office","United States",Jacksonville,Florida,1988-03-14,South,TEC-MA-10002412,Technology,Machines,"Cisco TelePresence System EX90 Videoconferencing Unit",22638.5,6,0.5,-1811.08
CA-2016-118689,2016-10-02,2016-10-09,"Standard Class",TC-20980,"Tamara Chand",Corporate,"United States",Lafayette,Indiana,2031-02-26,Central,TEC-CO-10004722,Technology,Copiers,"Canon imageCLASS 2200 Advanced Copier",17499.9,5,0,8399.98
CA-2017-140151,2017-03-23,2017-03-25,"First Class",RB-19360,"Raymond Buch",Consumer,"United States",Seattle,Washington,2168-08-16,West,TEC-CO-10004722,Technology,Copiers,"Canon imageCLASS 2200 Advanced Copier",14000,4,0,6719.98
CA-2017-127180,2017-10-22,2017-10-24,"First Class",TA-21385,"Tom Ashbrook","Home Office","United States","New York City","New York",1927-06-11,East,TEC-CO-10004722,Technology,Copiers,"Canon imageCLASS 2200 Advanced Copier",11200,4,0.2,3919.99
CA-2017-166709,2017-11-17,2017-11-22,"Standard Class",HL-15040,"Hunter Lopez",Consumer,"United States",Newark,Delaware,1953-12-18,East,TEC-CO-10004722,Technology,Copiers,"Canon imageCLASS 2200 Advanced Copier",10500,3,0,5039.99
CA-2016-117121,2016-12-17,2016-12-21,"Standard Class",AB-10105,"Adrian Barton",Consumer,"United States",Detroit,Michigan,2031-12-23,Central,OFF-BI-10000545,"Office Supplies",Binders,"GBC Ibimaster 500 Manual ProClick Binding System",9892.74,13,0,4946.37
CA-2014-116904,2014-09-23,2014-09-28,"Standard Class",SC-20095,"Sanjit Chand",Consumer,"United States",Minneapolis,Minnesota,2051-09-11,Central,OFF-BI-10001120,"Office Supplies",Binders,"Ibico EPK-21 Electric Binding System",9449.95,5,0,4630.48
US-2016-107440,2016-04-16,2016-04-20,"Standard Class",BS-11365,"Bill Shonely",Corporate,"United States",Lakewood,"New Jersey",1923-10-27,East,TEC-MA-10001047,Technology,Machines,"3D Systems Cube Printer, 2nd Generation, Magenta",9099.93,7,0,2365.98
CA-2016-158841,2016-02-02,2016-02-04,"Second Class",SE-20110,"Sanjit Engle",Consumer,"United States",Arlington,Virginia,1960-10-15,South,TEC-MA-10001127,Technology,Machines,"HP Designjet T520 Inkjet Large Format Printer - 24" Color",8749.95,5,0,2799.98
CA-2016-143714,2016-05-23,2016-05-27,"Standard Class",CC-12370,"Christopher Conant",Consumer,"United States",Philadelphia,Pennsylvania,1952-05-06,East,TEC-CO-10004722,Technology,Copiers,"Canon imageCLASS 2200 Advanced Copier",8399.98,4,0.4,1120
CA-2014-143917,2014-07-25,2014-07-27,"Second Class",KL-16645,"Ken Lonsdale",Consumer,"United States","San Francisco",California,2157-09-10,West,OFF-SU-10000151,"Office Supplies",Supplies,"High Speed Automatic Electric Letter Opener",8187.65,5,0,327.51
CA-2014-139892,2014-09-08,2014-09-12,"Standard Class",BM-11140,"Becky Martin",Consumer,"United States","San Antonio",Texas,2114-02-13,Central,TEC-MA-10000822,Technology,Machines,"Lexmark MX611dhe Monochrome Laser Printer",8159.95,8,0.4,-1359.99
US-2017-168116,2017-11-04,2017-11-04,"Same Day",GT-14635,"Grant Thornton",Corporate,"United States",Burlington,"North Carolina",1974-07-07,South,TEC-MA-10004125,Technology,Machines,"Cubify CubeX 3D Printer Triple Head Print",7999.98,4,0.5,-3839.99
CA-2014-145541,2014-12-14,2014-12-21,"Standard Class",TB-21400,"Tom Boeckenhauer",Consumer,"United States","New York City","New York",1927-06-11,East,TEC-MA-10001127,Technology,Machines,"HP Designjet T520 Inkjet Large Format Printer - 24" Color",6999.96,4,0,2239.99
CA-2015-145352,2015-03-16,2015-03-22,"Standard Class",CM-12385,"Christopher Martinez",Consumer,"United States",Atlanta,Georgia,1983-01-02,South,OFF-BI-10003527,"Office Supplies",Binders,"Fellowes PB500 Electric Punch Plastic Comb Binding Machine with Manual Bind",6354.95,5,0,3177.48
CA-2017-138289,2017-01-16,2017-01-18,"Second Class",AR-10540,"Andy Reiter",Consumer,"United States",Jackson,Michigan,2034-09-14,Central,OFF-BI-10004995,"Office Supplies",Binders,"GBC DocuBind P400 Electric Binding System",5443.96,4,0,2504.22
US-2016-140158,2016-10-04,2016-10-08,"Standard Class",DR-12940,"Daniel Raglin","Home Office","United States",Providence,"Rhode Island",1907-12-17,East,TEC-CO-10001449,Technology,Copiers,"Hewlett Packard LaserJet 3310 Copier",5399.91,9,0,2591.96
CA-2017-143112,2017-10-05,2017-10-09,"Standard Class",TS-21370,"Todd Sumrall",Corporate,"United States","New York City","New York",1927-06-22,East,TEC-MA-10001047,Technology,Machines,"3D Systems Cube Printer, 2nd Generation, Magenta",5199.96,4,0,1351.99
CA-2017-135909,2017-10-13,2017-10-20,"Standard Class",JW-15220,"Jane Waco",Corporate,"United States",Sacramento,California,2162-05-08,West,OFF-BI-10003527,"Office Supplies",Binders,"Fellowes PB500 Electric Punch Plastic Comb Binding Machine with Manual Bind",5083.96,5,0.2,1906.49
CA-2016-136301,2016-03-13,2016-03-15,"Second Class",EH-13765,"Edward Hooks",Corporate,"United States","San Francisco",California,2157-08-28,West,OFF-SU-10000151,"Office Supplies",Supplies,"High Speed Automatic Electric Letter Opener",4912.59,3,0,196.5
US-2016-143819,2016-03-01,2016-03-05,"Standard Class",KD-16270,"Karen Daniels",Consumer,"United States",Yonkers,"New York",1929-04-18,East,TEC-MA-10003979,Technology,Machines,"Ativa V4110MDD Micro-Cut Shredder",4899.93,7,0,2400.97
US-2015-128587,2015-12-24,2015-12-30,"Standard Class",HM-14860,"Harry Marie",Corporate,"United States",Springfield,Missouri,2080-03-02,Central,TEC-CO-10003763,Technology,Copiers,"Canon PC1060 Personal Laser Copier",4899.93,7,0,2302.97
CA-2017-149881,2017-04-01,2017-04-03,"First Class",NC-18535,"Nick Crebassa",Corporate,"United States","San Francisco",California,2157-08-29,West,TEC-MA-10000418,Technology,Machines,"Cubify CubeX 3D Printer Double Head Print",4799.98,2,0.2,360
CA-2017-158379,2017-09-22,2017-09-26,"Second Class",JA-15970,"Joseph Airdo",Consumer,"United States",Philadelphia,Pennsylvania,1952-05-20,East,OFF-SU-10002881,"Office Supplies",Supplies,"Martin Yale Chadless Opener Electric Letter Opener",4663.74,7,0.2,-1049.34
CA-2015-114811,2015-11-08,2015-11-08,"Same Day",KD-16495,"Keith Dawkins",Corporate,"United States","New York City","New York",1927-06-11,East,TEC-MA-10000045,Technology,Machines,"Zebra ZM400 Thermal Label Printer",4643.8,4,0,2229.02
CA-2014-144624,2014-11-19,2014-11-23,"Standard Class",JM-15865,"John Murray",Consumer,"United States",Jamestown,"New York",1940-03-31,East,TEC-PH-10002885,Technology,Phones,"Apple iPhone 5",4548.81,7,0,1228.18
CA-2016-138478,2016-10-21,2016-10-26,"Second Class",DP-13390,"Dennis Pardue","Home Office","United States","North Las Vegas",Nevada,2143-10-03,West,OFF-BI-10001120,"Office Supplies",Binders,"Ibico EPK-21 Electric Binding System",4535.98,3,0.2,1644.29
CA-2016-108196,2016-11-25,2016-12-02,"Standard Class",CS-12505,"Cindy Stewart",Consumer,"United States",Lancaster,Ohio,2018-01-30,East,TEC-MA-10000418,Technology,Machines,"Cubify CubeX 3D Printer Double Head Print",4499.99,5,0.7,-6599.98
CA-2016-100300,2016-06-24,2016-06-26,"Second Class",MJ-17740,"Max Jones",Consumer,"United States","San Diego",California,2151-12-26,West,TEC-MA-10000984,Technology,Machines,"Okidata MB760 Printer",4476.8,4,0.2,503.64
CA-2017-118892,2017-08-17,2017-08-22,"Second Class",TP-21415,"Tom Prescott",Consumer,"United States",Philadelphia,Pennsylvania,1952-05-20,East,FUR-CH-10002024,Furniture,Chairs,"HON 5400 Series Task Chairs for Big and Tall",4416.17,9,0.3,-630.88
CA-2015-117086,2015-11-08,2015-11-12,"Standard Class",QJ-19255,"Quincy Jones",Corporate,"United States",Burlington,Vermont,1914-10-21,East,FUR-BO-10004834,Furniture,Bookcases,"Riverside Palais Royal Lawyers Bookcase, Royale Cherry Finish",4404.9,5,0,1013.13
CA-2017-129021,2017-08-23,2017-08-26,"Second Class",PO-18850,"Patrick O'Brill",Consumer,"United States",Tallahassee,Florida,1988-06-09,South,TEC-PH-10001459,Technology,Phones,"Samsung Galaxy Mega 6.3",4367.9,13,0.2,327.59
CA-2016-129714,2016-09-01,2016-09-03,"First Class",AB-10060,"Adam Bellavance","Home Office","United States","New York City","New York",1927-05-27,East,OFF-BI-10004995,"Office Supplies",Binders,"GBC DocuBind P400 Electric Binding System",4355.17,4,0.2,1415.43
US-2017-102183,2017-08-21,2017-08-28,"Standard Class",PK-19075,"Pete Kriz",Consumer,"United States","New York City","New York",1927-06-22,East,OFF-BI-10001359,"Office Supplies",Binders,"GBC DocuBind TL300 Electric Binding System",4305.55,6,0.2,1453.12
CA-2015-116638,2015-01-28,2015-01-31,"Second Class",JH-15985,"Joseph Holt",Consumer,"United States",Concord,"North Carolina",1976-09-24,South,FUR-TA-10000198,Furniture,Tables,"Chromcraft Bull-Nose Wood Oval Conference Tables & Bases",4297.64,13,0.4,-1862.31
US-2015-126977,2015-09-17,2015-09-23,"Standard Class",PF-19120,"Peter Fuller",Consumer,"United States","New York City","New York",1927-06-22,East,FUR-BO-10004834,Furniture,Bookcases,"Riverside Palais Royal Lawyers Bookcase, Royale Cherry Finish",4228.7,6,0.2,158.58
CA-2014-102988,2014-04-05,2014-04-09,"Second Class",GM-14695,"Greg Maxwell",Corporate,"United States",Alexandria,Virginia,1961-01-23,South,OFF-SU-10002881,"Office Supplies",Supplies,"Martin Yale Chadless Opener Electric Letter Opener",4164.05,5,0,83.28
US-2017-167402,2017-01-13,2017-01-18,"Second Class",CP-12085,"Cathy Prescott",Corporate,"United States",Springfield,Missouri,2080-03-02,Central,OFF-SU-10002881,"Office Supplies",Supplies,"Martin Yale Chadless Opener Electric Letter Opener",4164.05,5,0,83.28
CA-2016-159016,2016-03-10,2016-03-11,"First Class",KF-16285,"Karen Ferguson","Home Office","United States","Los Angeles",California,2146-06-06,West,TEC-PH-10002885,Technology,Phones,"Apple iPhone 5",4158.91,8,0.2,363.9
CA-2014-128209,2014-11-17,2014-11-22,"Standard Class",GT-14710,"Greg Tran",Consumer,"United States",Buffalo,"New York",1938-12-01,East,FUR-BO-10002213,Furniture,Bookcases,"DMI Eclipse Executive Suite Bookcases",4007.84,10,0.2,-50.1
CA-2016-128818,2016-05-07,2016-05-11,"Standard Class",CJ-12010,"Caroline Jumper",Consumer,"United States","New York City","New York",1927-05-27,East,TEC-MA-10000488,Technology,Machines,"Bady BDG101FRU Card Printer",3999.95,5,0,1159.99
CA-2014-164973,2014-11-04,2014-11-09,"Standard Class",NM-18445,"Nathan Mautz","Home Office","United States","New York City","New York",1927-06-11,East,TEC-MA-10002927,Technology,Machines,"Canon imageCLASS MF7460 Monochrome Digital Laser Multifunction Copier",3991.98,2,0,1995.99
CA-2016-103982,2016-03-03,2016-03-08,"Standard Class",AA-10315,"Alex Avila",Consumer,"United States","Round Rock",Texas,2115-05-16,Central,OFF-SU-10000151,"Office Supplies",Supplies,"High Speed Automatic Electric Letter Opener",3930.07,3,0.2,-786.01
CA-2015-120782,2015-04-28,2015-05-01,"First Class",SD-20485,"Shirley Daniels","Home Office","United States",Midland,Michigan,2033-03-02,Central,OFF-BI-10003527,"Office Supplies",Binders,"Fellowes PB500 Electric Punch Plastic Comb Binding Machine with Manual Bind",3812.97,3,0,1906.49
CA-2014-116246,2014-09-12,2014-09-17,"Second Class",LW-17215,"Luke Weiss",Consumer,"United States","New York City","New York",1927-06-22,East,FUR-CH-10002024,Furniture,Chairs,"HON 5400 Series Task Chairs for Big and Tall",3785.29,6,0.1,420.59
CA-2014-168494,2014-12-12,2014-12-14,"Second Class",NP-18700,"Nora Preis",Consumer,"United States",Fresno,California,2156-08-11,West,FUR-TA-10003473,Furniture,Tables,"Bretford Rectangular Conference Table Tops",3610.85,12,0.2,135.41
CA-2016-122903,2016-05-27,2016-05-29,"Second Class",LA-16780,"Laura Armstrong",Corporate,"United States",Detroit,Michigan,2031-12-23,Central,FUR-CH-10002024,Furniture,Chairs,"HON 5400 Series Task Chairs for Big and Tall",3504.9,5,0,700.98
CA-2014-163223,2014-03-21,2014-03-25,"Standard Class",KH-16690,"Kristen Hastings",Corporate,"United States",Springfield,Virginia,1960-08-25,South,TEC-PH-10000730,Technology,Phones,"Samsung Galaxy S4 Active",3499.93,7,0,909.98
CA-2016-107104,2016-11-26,2016-11-30,"Standard Class",MS-17365,"Maribeth Schnelling",Consumer,"United States","Los Angeles",California,2146-07-13,West,FUR-BO-10002213,Furniture,Bookcases,"DMI Eclipse Executive Suite Bookcases",3406.66,8,0.15,160.31
CA-2017-165323,2017-06-17,2017-06-21,"Standard Class",SR-20740,"Steven Roelle","Home Office","United States","New York City","New York",1927-06-11,East,TEC-MA-10003673,Technology,Machines,"Hewlett-Packard Desktjet 6988DT Refurbished Printer",3404.5,5,0,1668.21
CA-2015-164301,2015-03-26,2015-03-30,"Standard Class",EB-13840,"Ellis Ballard",Corporate,"United States",Seattle,Washington,2168-08-04,West,FUR-TA-10001889,Furniture,Tables,"Bush Advantage Collection Racetrack Conference Table",3393.68,8,0,610.86
CA-2017-133865,2017-05-08,2017-05-12,"Standard Class",PS-19045,"Penelope Sewall","Home Office","United States","Los Angeles",California,2146-06-30,West,TEC-CO-10001046,Technology,Copiers,"Canon Imageclass D680 Copier / Fax",3359.95,6,0.2,1049.99
CA-2016-169663,2016-03-10,2016-03-13,"First Class",RH-19510,"Rick Huthwaite","Home Office","United States","Los Angeles",California,2146-07-13,West,TEC-MA-10000984,Technology,Machines,"Okidata MB760 Printer",3357.6,3,0.2,377.73
CA-2016-145625,2016-09-11,2016-09-17,"Standard Class",KC-16540,"Kelly Collister",Consumer,"United States","San Diego",California,2151-12-26,West,TEC-AC-10003832,Technology,Accessories,"Logitech P710e Mobile Speakerphone",3347.37,13,0,636
CA-2014-144414,2014-06-17,2014-06-21,"Standard Class",GH-14425,"Gary Hwang",Consumer,"United States",Seattle,Washington,2168-08-06,West,OFF-BI-10004995,"Office Supplies",Binders,"GBC DocuBind P400 Electric Binding System",3266.38,3,0.2,1061.57
CA-2015-111829,2015-03-19,2015-03-20,"First Class",FH-14365,"Fred Hopkins",Corporate,"United States",Seattle,Washington,2168-08-16,West,TEC-CO-10001766,Technology,Copiers,"Canon PC940 Copier",3149.93,7,0,1480.47
US-2015-150630,2015-09-17,2015-09-21,"Standard Class",TB-21520,"Tracy Blumstein",Consumer,"United States",Philadelphia,Pennsylvania,1952-05-26,East,FUR-BO-10004834,Furniture,Bookcases,"Riverside Palais Royal Lawyers Bookcase, Royale Cherry Finish",3083.43,7,0.5,-1665.05
CA-2015-102491,2015-08-24,2015-08-28,"Standard Class",KW-16435,"Katrina Willman",Consumer,"United States",Florence,Kentucky,2012-05-13,South,TEC-MA-10000864,Technology,Machines,"Cisco 9971 IP Video Phone Charcoal",3080,7,0,1416.8
US-2014-106992,2014-09-19,2014-09-21,"Second Class",SB-20290,"Sean Braxton",Corporate,"United States",Houston,Texas,2110-11-30,Central,TEC-MA-10000822,Technology,Machines,"Lexmark MX611dhe Monochrome Laser Printer",3059.98,3,0.4,-510
CA-2017-159366,2017-01-07,2017-01-10,"First Class",BW-11110,"Bart Watters",Corporate,"United States",Detroit,Michigan,2031-12-23,Central,TEC-MA-10000822,Technology,Machines,"Lexmark MX611dhe Monochrome Laser Printer",3059.98,2,0.1,680
US-2015-163825,2015-06-16,2015-06-19,"First Class",LC-16885,"Lena Creighton",Consumer,"United States","New York City","New York",1927-05-27,East,OFF-BI-10003527,"Office Supplies",Binders,"Fellowes PB500 Electric Punch Plastic Comb Binding Machine with Manual Bind",3050.38,3,0.2,1143.89
CA-2016-133711,2016-11-26,2016-11-29,"First Class",MC-17425,"Mark Cousins",Corporate,"United States",Mobile,Alabama,2000-03-23,South,TEC-MA-10000010,Technology,Machines,"Hewlett-Packard Deskjet 3050a All-in-One Color Inkjet Printer",3040,8,0,1459.2
CA-2016-160717,2016-06-06,2016-06-11,"Standard Class",ME-17320,"Maria Etezadi","Home Office","United States","Santa Barbara",California,2154-11-24,West,TEC-PH-10001459,Technology,Phones,"Samsung Galaxy Mega 6.3",3023.93,9,0.2,226.79
CA-2017-127432,2017-01-22,2017-01-27,"Standard Class",AD-10180,"Alan Dominguez","Home Office","United States","Great Falls",Montana,2062-08-22,West,TEC-CO-10003236,Technology,Copiers,"Canon Image Class D660 Copier",2999.95,5,0,1379.98
CA-2017-133263,2017-03-31,2017-04-02,"Second Class",JE-15610,"Jim Epp",Corporate,"United States",Atlanta,Georgia,1983-01-02,South,TEC-CO-10001449,Technology,Copiers,"Hewlett Packard LaserJet 3310 Copier",2999.95,5,0,1439.98
CA-2015-149846,2015-05-22,2015-05-26,"Standard Class",SB-20185,"Sarah Brown",Consumer,"United States","Los Angeles",California,2146-07-13,West,TEC-MA-10004002,Technology,Machines,"Zebra GX420t Direct Thermal/Thermal Transfer Printer",2973.32,7,0.2,334.5
US-2017-105935,2017-01-26,2017-01-31,"Standard Class",BD-11500,"Bradley Drucker",Consumer,"United States",Columbus,Georgia,1987-05-10,South,TEC-PH-10001459,Technology,Phones,"Samsung Galaxy Mega 6.3",2939.93,7,0,764.38
CA-2014-119375,2014-11-17,2014-11-22,"Standard Class",YC-21895,"Yoseph Carroll",Corporate,"United States",Newark,Delaware,1953-12-18,East,OFF-ST-10002011,"Office Supplies",Storage,"Smead Adjustable Mobile File Trolley with Lockable Top",2934.33,7,0,792.27
CA-2017-100111,2017-09-20,2017-09-26,"Standard Class",SV-20365,"Seth Vernon",Consumer,"United States","New York City","New York",1927-06-22,East,FUR-CH-10004086,Furniture,Chairs,"Hon 4070 Series Pagoda Armless Upholstered Stacking Chairs",2888.13,11,0.1,609.72
US-2016-126452,2016-08-21,2016-08-28,"Standard Class",SC-20230,"Scot Coram",Corporate,"United States","Los Angeles",California,2146-06-02,West,FUR-TA-10003569,Furniture,Tables,"Bretford CR8500 Series Meeting Room Furniture",2887.06,9,0.2,180.44
CA-2017-145219,2017-12-24,2017-12-25,"First Class",RM-19675,"Robert Marley","Home Office","United States","Los Angeles",California,2146-07-17,West,TEC-CO-10001449,Technology,Copiers,"Hewlett Packard LaserJet 3310 Copier",2879.95,6,0.2,1007.98
CA-2014-120474,2014-12-01,2014-12-03,"First Class",RP-19390,"Resi Pölking",Consumer,"United States",Madison,Wisconsin,2047-01-19,Central,FUR-CH-10001854,Furniture,Chairs,"Office Star - Professional Matrix Back Chair with 2-to-1 Synchro Tilt and Mesh Fabric Seat",2807.84,8,0,673.88
CA-2017-102204,2017-05-01,2017-05-06,"Standard Class",CJ-12010,"Caroline Jumper",Consumer,"United States",Jacksonville,Florida,1988-03-14,South,FUR-CH-10002024,Furniture,Chairs,"HON 5400 Series Task Chairs for Big and Tall",2803.92,5,0.2,0
CA-2015-164777,2015-01-27,2015-01-29,"First Class",SC-20305,"Sean Christensen",Consumer,"United States","Los Angeles",California,2146-07-04,West,FUR-CH-10002024,Furniture,Chairs,"HON 5400 Series Task Chairs for Big and Tall",2803.92,5,0.2,0
US-2015-100377,2015-08-28,2015-09-01,"Standard Class",TS-21370,"Todd Sumrall",Corporate,"United States",Chicago,Illinois,2065-12-22,Central,TEC-CO-10001046,Technology,Copiers,"Canon Imageclass D680 Copier / Fax",2799.96,5,0.2,874.99
CA-2016-135265,2016-07-07,2016-07-09,"Second Class",CC-12370,"Christopher Conant",Consumer,"United States","Los Angeles",California,2146-07-13,West,TEC-CO-10003763,Technology,Copiers,"Canon PC1060 Personal Laser Copier",2799.96,5,0.2,944.99
CA-2014-160766,2014-09-14,2014-09-14,"Same Day",DM-13015,"Darrin Martin",Consumer,"United States","New York City","New York",1927-05-27,East,TEC-MA-10003979,Technology,Machines,"Ativa V4110MDD Micro-Cut Shredder",2799.96,4,0,1371.98
CA-2016-129630,2016-09-04,2016-09-04,"Same Day",IM-15055,"Ionia McGrath",Consumer,"United States","San Francisco",California,2157-09-10,West,TEC-CO-10003763,Technology,Copiers,"Canon PC1060 Personal Laser Copier",2799.96,5,0.2,944.99
US-2015-160857,2015-05-08,2015-05-15,"Standard Class",NW-18400,"Natalie Webber",Consumer,"United States","New York City","New York",1927-06-11,East,TEC-CO-10004115,Technology,Copiers,"Sharp AL-1530CS Digital Copier",2799.94,7,0.2,1014.98
CA-2017-119809,2017-08-18,2017-08-25,"Standard Class",YS-21880,"Yana Sorensen",Corporate,"United States",Seattle,Washington,2168-08-04,West,OFF-BI-10003925,"Office Supplies",Binders,"Fellowes PB300 Plastic Comb Binding Machine",2793.53,9,0.2,942.82
CA-2014-154627,2014-10-29,2014-10-31,"First Class",SA-20830,"Sue Ann Reed",Consumer,"United States",Chicago,Illinois,2065-12-09,Central,TEC-PH-10001363,Technology,Phones,"Apple iPhone 5S",2735.95,6,0.2,341.99
CA-2014-117639,2014-05-21,2014-05-25,"Standard Class",MW-18235,"Mitch Willingham",Corporate,"United States","Virginia Beach",Virginia,1964-03-28,South,OFF-BI-10003925,"Office Supplies",Binders,"Fellowes PB300 Plastic Comb Binding Machine",2715.93,7,0,1276.49
CA-2017-157854,2017-04-08,2017-04-15,"Standard Class",DM-13345,"Denise Monton",Corporate,"United States",Roswell,Georgia,1982-05-05,South,OFF-BI-10001359,"Office Supplies",Binders,"GBC DocuBind TL300 Electric Binding System",2690.97,3,0,1264.76
US-2016-164196,2016-11-11,2016-11-17,"Standard Class",AS-10285,"Alejandro Savely",Corporate,"United States",Noblesville,Indiana,2026-02-07,Central,FUR-TA-10001950,Furniture,Tables,"Balt Solid Wood Round Tables",2678.94,6,0,241.1
CA-2015-111038,2015-12-01,2015-12-06,"Standard Class",LC-16960,"Lindsay Castell","Home Office","United States","San Diego",California,2151-12-26,West,FUR-CH-10003973,Furniture,Chairs,"GuestStacker Chair with Chrome Finish Legs",2676.67,9,0.2,267.67
CA-2017-123967,2017-11-01,2017-11-03,"Second Class",SF-20200,"Sarah Foster",Consumer,"United States",Bellingham,Washington,2168-12-05,West,FUR-TA-10003954,Furniture,Tables,"Hon 94000 Series Round Tables",2665.62,9,0,239.91
CA-2015-123113,2015-11-23,2015-11-27,"Second Class",AT-10735,"Annie Thurman",Consumer,"United States",Morristown,"New Jersey",1921-10-16,East,OFF-AP-10000275,"Office Supplies",Appliances,"Sanyo Counter Height Refrigerator with Crisper, 3.6 Cubic Foot, Stainless Steel/Black",2625.12,8,0,735.03
CA-2014-127299,2014-09-19,2014-09-24,"Standard Class",JL-15835,"John Lee",Consumer,"United States",Charlotte,"North Carolina",1977-03-21,South,TEC-MA-10001127,Technology,Machines,"HP Designjet T520 Inkjet Large Format Printer - 24" Color",2624.99,3,0.5,-944.99
CA-2015-160227,2015-11-02,2015-11-04,"First Class",ED-13885,"Emily Ducich","Home Office","United States","New York City","New York",1927-05-29,East,FUR-CH-10002073,Furniture,Chairs,"Hon Olson Stacker Chairs",2621.32,11,0.1,553.39
CA-2017-112333,2017-04-08,2017-04-14,"Standard Class",KF-16285,"Karen Ferguson","Home Office","United States",Plainfield,"New Jersey",1919-04-30,East,OFF-ST-10001780,"Office Supplies",Storage,"Tennsco 16-Compartment Lockers with Coat Rack",2591.56,4,0,621.97
US-2016-116729,2016-12-25,2016-12-28,"First Class",GK-14620,"Grace Kelly",Corporate,"United States","Los Angeles",California,2146-07-17,West,TEC-PH-10002200,Technology,Phones,"Samsung Galaxy Note 2",2575.94,7,0.2,257.59
CA-2014-167199,2014-01-06,2014-01-10,"Standard Class",ME-17320,"Maria Etezadi","Home Office","United States",Henderson,Kentucky,2016-02-20,South,FUR-CH-10004063,Furniture,Chairs,"Global Deluxe High-Back Manager's Chair",2573.82,9,0,746.41
CA-2015-120677,2015-05-31,2015-06-04,"Standard Class",BD-11320,"Bill Donatelli",Consumer,"United States",Minneapolis,Minnesota,2051-09-11,Central,FUR-CH-10002320,Furniture,Chairs,"Hon Pagoda Stacking Chairs",2567.84,8,0,770.35
CA-2016-169670,2016-12-25,2016-12-31,"Standard Class",JE-15715,"Joe Elijah",Consumer,"United States","New York City","New York",1927-05-27,East,FUR-CH-10002331,Furniture,Chairs,"Hon 4700 Series Mobuis Mid-Back Task Chairs with Adjustable Arms",2563.06,8,0.1,313.26
CA-2017-134845,2017-04-17,2017-04-23,"Standard Class",SR-20425,"Sharelle Roach","Home Office","United States",Louisville,Colorado,2119-02-07,West,TEC-MA-10000822,Technology,Machines,"Lexmark MX611dhe Monochrome Laser Printer",2549.99,5,0.7,-3399.98
CA-2015-135580,2015-12-30,2016-01-03,"Standard Class",CL-12565,"Clay Ludtke",Consumer,"United States","Los Angeles",California,2146-07-17,West,TEC-MA-10004002,Technology,Machines,"Zebra GX420t Direct Thermal/Thermal Transfer Printer",2548.56,6,0.2,286.71
CA-2015-162782,2015-02-21,2015-02-27,"Standard Class",PW-19240,"Pierre Wener",Consumer,"United States",Columbia,Maryland,1957-08-12,East,OFF-BI-10003527,"Office Supplies",Binders,"Fellowes PB500 Electric Punch Plastic Comb Binding Machine with Manual Bind",2541.98,2,0,1270.99
US-2014-106992,2014-09-19,2014-09-21,"Second Class",SB-20290,"Sean Braxton",Corporate,"United States",Houston,Texas,2110-11-30,Central,TEC-MA-10003353,Technology,Machines,"Xerox WorkCentre 6505DN Laser Multifunction Printer",2519.96,7,0.4,-252
CA-2017-166093,2017-08-17,2017-08-24,"Standard Class",RW-19540,"Rick Wilson",Corporate,"United States",Brentwood,California,2158-10-06,West,OFF-AP-10001058,"Office Supplies",Appliances,"Sanyo 2.5 Cubic Foot Mid-Size Office Refrigerators",2518.29,9,0,654.76
CA-2017-168858,2017-11-19,2017-11-23,"Standard Class",JD-16150,"Justin Deggeller",Corporate,"United States","New York City","New York",1927-05-29,East,OFF-AP-10003849,"Office Supplies",Appliances,"Hoover Shoulder Vac Commercial Portable Vacuum",2504.74,7,0,626.19
CA-2017-160885,2017-12-02,2017-12-06,"Standard Class",JK-16090,"Juliana Krohn",Consumer,"United States",Omaha,Nebraska,2086-06-16,Central,TEC-PH-10001795,Technology,Phones,"ClearOne CHATAttach 160 - speaker phone",2479.96,4,0,743.99
CA-2015-139731,2015-10-15,2015-10-15,"Same Day",JE-15745,"Joel Eaton",Consumer,"United States",Amarillo,Texas,2116-08-03,Central,FUR-CH-10002024,Furniture,Chairs,"HON 5400 Series Task Chairs for Big and Tall",2453.43,5,0.3,-350.49
CA-2016-104157,2016-07-25,2016-07-29,"Standard Class",MT-17815,"Meg Tillman",Consumer,"United States",Jackson,Mississippi,2007-05-10,South,FUR-TA-10004915,Furniture,Tables,"Office Impressions End Table, 20-1/2"H x 24"W x 20"D",2430.08,8,0,388.81
CA-2017-121559,2017-06-01,2017-06-03,"Second Class",HW-14935,"Helen Wasserman",Corporate,"United States",Indianapolis,Indiana,2026-06-30,Central,OFF-AP-10002945,"Office Supplies",Appliances,"Honeywell Enviracaire Portable HEPA Air Cleaner for 17' x 22' Room",2405.2,8,0,793.72
CA-2017-122490,2017-11-13,2017-11-18,"Standard Class",TT-21070,"Ted Trevino",Consumer,"United States",Seattle,Washington,2168-08-04,West,FUR-CH-10001215,Furniture,Chairs,"Global Troy Executive Leather Low-Back Tilter",2404.7,6,0.2,150.29
US-2017-135013,2017-07-24,2017-07-24,"Same Day",HR-14830,"Harold Ryan",Corporate,"United States","Huntington Beach",California,2153-08-26,West,TEC-CO-10001449,Technology,Copiers,"Hewlett Packard LaserJet 3310 Copier",2399.96,5,0.2,839.99
US-2017-141677,2017-03-26,2017-03-30,"Standard Class",HK-14890,"Heather Kirkland",Corporate,"United States",Houston,Texas,2111-01-03,Central,TEC-CO-10002313,Technology,Copiers,"Canon PC1080F Personal Copier",2399.96,5,0.2,569.99
CA-2017-127180,2017-10-22,2017-10-24,"First Class",TA-21385,"Tom Ashbrook","Home Office","United States","New York City","New York",1927-06-11,East,TEC-PH-10001494,Technology,Phones,"Polycom CX600 IP Phone VoIP phone",2399.6,8,0,647.89
CA-2016-107202,2016-05-21,2016-05-28,"Standard Class",LC-16930,"Linda Cazamias",Corporate,"United States",Sparks,Nevada,2144-11-06,West,TEC-MA-10000112,Technology,Machines,"Panasonic KX MB2061 Multifunction Printer",2396.4,10,0.2,179.73
CA-2016-108987,2016-09-08,2016-09-10,"Second Class",AG-10675,"Anna Gayman",Consumer,"United States",Houston,Texas,2110-11-30,Central,FUR-BO-10004834,Furniture,Bookcases,"Riverside Palais Royal Lawyers Bookcase, Royale Cherry Finish",2396.27,4,0.32,-317.15
CA-2017-168109,2017-07-03,2017-07-03,"Same Day",JK-15640,"Jim Kriz","Home Office","United States",Seattle,Washington,2168-08-06,West,TEC-MA-10001148,Technology,Machines,"Okidata MB491 Multifunction Printer",2395.2,6,0.2,209.58
US-2017-163300,2017-09-15,2017-09-21,"Standard Class",ES-14020,"Erica Smith",Consumer,"United States","Los Angeles",California,2146-07-17,West,OFF-BI-10004390,"Office Supplies",Binders,"GBC DocuBind 200 Manual Binding Machine",2357.49,7,0.2,884.06
CA-2014-126683,2014-09-29,2014-10-01,"Second Class",PP-18955,"Paul Prost","Home Office","United States",Seattle,Washington,2168-08-16,West,FUR-TA-10002958,Furniture,Tables,"Bevis Oval Conference Table, Walnut",2348.82,9,0,399.3
CA-2015-169796,2015-11-09,2015-11-14,"Standard Class",Dp-13240,"Dean percer","Home Office","United States","New York City","New York",1927-06-22,East,TEC-MA-10000045,Technology,Machines,"Zebra ZM400 Thermal Label Printer",2321.9,2,0,1114.51
US-2017-162558,2017-10-02,2017-10-05,"First Class",Dp-13240,"Dean percer","Home Office","United States",Knoxville,Tennessee,2003-10-24,South,FUR-TA-10000198,Furniture,Tables,"Chromcraft Bull-Nose Wood Oval Conference Tables & Bases",2314.12,7,0.4,-1002.78
CA-2015-124891,2015-07-31,2015-07-31,"Same Day",RH-19495,"Rick Hansen",Consumer,"United States","New York City","New York",1927-06-11,East,TEC-AC-10003033,Technology,Accessories,"Plantronics CS510 - Over-the-Head monaural Wireless Headset System",2309.65,7,0,762.18
US-2016-113677,2016-11-13,2016-11-19,"Standard Class",CM-12655,"Corinna Mitchell","Home Office","United States","New York City","New York",1927-05-29,East,TEC-PH-10002114,Technology,Phones,"Xiaomi Mi3",2279.96,4,0,592.79
CA-2016-113831,2016-05-30,2016-06-03,"Standard Class",AH-10690,"Anna Häberlin",Corporate,"United States",Springfield,Virginia,1960-08-25,South,FUR-TA-10002645,Furniture,Tables,"Hon Rectangular Conference Tables",2275.5,10,0,386.84
CA-2017-100111,2017-09-20,2017-09-26,"Standard Class",SV-20365,"Seth Vernon",Consumer,"United States","New York City","New York",1927-06-22,East,FUR-CH-10001215,Furniture,Chairs,"Global Troy Executive Leather Low-Back Tilter",2254.41,5,0.1,375.74
CA-2017-143567,2017-11-02,2017-11-05,"Second Class",TB-21175,"Thomas Boland",Corporate,"United States",Henderson,Kentucky,2016-02-20,South,TEC-AC-10004145,Technology,Accessories,"Logitech diNovo Edge Keyboard",2249.91,9,0,517.48
US-2015-134558,2015-12-19,2015-12-24,"Second Class",PM-19135,"Peter McVee","Home Office","United States",Dover,"New Hampshire",1910-06-16,East,TEC-AC-10004145,Technology,Accessories,"Logitech diNovo Edge Keyboard",2249.91,9,0,517.48
CA-2014-136567,2014-12-20,2014-12-21,"First Class",PS-19045,"Penelope Sewall","Home Office","United States",Harrisonburg,Virginia,1962-06-04,South,FUR-TA-10001932,Furniture,Tables,"Chromcraft 48" x 96" Racetrack Double Pedestal Table",2244.48,7,0,493.79
CA-2017-119284,2017-06-15,2017-06-20,"Standard Class",TS-21205,"Thomas Seio",Corporate,"United States",Nashville,Tennessee,2001-11-16,South,TEC-PH-10000560,Technology,Phones,"Samsung Galaxy S III - 16GB - pebble blue (T-Mobile)",2239.94,8,0.2,223.99
CA-2014-169019,2014-07-26,2014-07-30,"Standard Class",LF-17185,"Luke Foster",Consumer,"United States","San Antonio",Texas,2114-02-13,Central,OFF-BI-10004995,"Office Supplies",Binders,"GBC DocuBind P400 Electric Binding System",2177.58,8,0.8,-3701.89
CA-2017-150091,2017-10-12,2017-10-16,"Standard Class",NP-18670,"Nora Paige",Consumer,"United States",Lakewood,"New Jersey",1923-10-27,East,FUR-BO-10003404,Furniture,Bookcases,"Global Adaptabilites Bookcase, Cherry/Storm Gray Finish",2154.9,5,0,129.29
CA-2014-128209,2014-11-17,2014-11-22,"Standard Class",GT-14710,"Greg Tran",Consumer,"United States",Buffalo,"New York",1938-12-01,East,OFF-BI-10001359,"Office Supplies",Binders,"GBC DocuBind TL300 Electric Binding System",2152.78,3,0.2,726.56
CA-2016-143805,2016-12-01,2016-12-03,"Second Class",JD-15895,"Jonathan Doherty",Corporate,"United States",Richmond,Virginia,1963-07-31,South,OFF-AP-10002945,"Office Supplies",Appliances,"Honeywell Enviracaire Portable HEPA Air Cleaner for 17' x 22' Room",2104.55,7,0,694.5
CA-2016-163804,2016-12-02,2016-12-08,"Standard Class",DB-13270,"Deborah Brumfield","Home Office","United States",Providence,"Rhode Island",1907-12-17,East,OFF-ST-10000142,"Office Supplies",Storage,"Deluxe Rollaway Locking File with Drawer",2079.4,5,0,582.23
US-2017-110576,2017-11-28,2017-12-02,"Standard Class",RB-19795,"Ross Baird","Home Office","United States",Philadelphia,Pennsylvania,1952-05-06,East,FUR-TA-10004154,Furniture,Tables,"Riverside Furniture Oval Coffee Table, Oval End Table, End Table with Drawer",2065.32,12,0.4,-619.6
CA-2014-169726,2014-08-09,2014-08-13,"Standard Class",JH-15985,"Joseph Holt",Consumer,"United States",Seattle,Washington,2168-08-04,West,OFF-BI-10004600,"Office Supplies",Binders,"Ibico Ibimaster 300 Manual Binding System",2060.74,7,0.2,643.98
CA-2017-149559,2017-09-11,2017-09-12,"Same Day",KF-16285,"Karen Ferguson","Home Office","United States","Long Beach",California,2148-08-11,West,FUR-CH-10002320,Furniture,Chairs,"Hon Pagoda Stacking Chairs",2054.27,8,0.2,256.78
CA-2017-107174,2017-11-06,2017-11-13,"Standard Class",AB-10060,"Adam Bellavance","Home Office","United States",Seattle,Washington,2168-08-06,West,FUR-TA-10004575,Furniture,Tables,"Hon 5100 Series Wood Tables",2036.86,7,0,366.63
CA-2014-128524,2014-11-11,2014-11-13,"First Class",MZ-17515,"Mary Zewe",Corporate,"United States",Seattle,Washington,2168-08-16,West,OFF-BI-10003527,"Office Supplies",Binders,"Fellowes PB500 Electric Punch Plastic Comb Binding Machine with Manual Bind",2033.58,2,0.2,762.59
CA-2015-147830,2015-12-15,2015-12-18,"First Class",NF-18385,"Natalie Fritzler",Consumer,"United States",Newark,Ohio,2017-11-16,East,TEC-AC-10002049,Technology,Accessories,"Plantronics Savi W720 Multi-Device Wireless Headset System",2025.36,6,0.2,607.61
CA-2017-111738,2017-01-03,2017-01-07,"Standard Class",CM-12385,"Christopher Martinez",Consumer,"United States","San Francisco",California,2157-08-29,West,OFF-BI-10004584,"Office Supplies",Binders,"GBC ProClick 150 Presentation Binding System",2022.27,8,0.2,682.52
US-2015-126977,2015-09-17,2015-09-23,"Standard Class",PF-19120,"Peter Fuller",Consumer,"United States","New York City","New York",1927-06-22,East,FUR-BO-10002213,Furniture,Bookcases,"DMI Eclipse Executive Suite Bookcases",2003.92,5,0.2,-25.05
CA-2015-137113,2015-12-01,2015-12-05,"Second Class",TW-21025,"Tamara Willingham","Home Office","United States",Seattle,Washington,2168-08-06,West,FUR-CH-10001215,Furniture,Chairs,"Global Troy Executive Leather Low-Back Tilter",2003.92,5,0.2,125.25
CA-2016-155530,2016-12-17,2016-12-21,"Standard Class",CM-12160,"Charles McCrossin",Consumer,"United States","San Francisco",California,2157-09-10,West,FUR-TA-10004256,Furniture,Tables,"Bretford “Just In Time” Height-Adjustable Multi-Task Work Tables",2003.52,6,0.2,-325.57
CA-2017-121790,2017-01-30,2017-02-06,"Standard Class",LP-17095,"Liz Preis",Consumer,"United States",Aurora,Illinois,2065-08-26,Central,TEC-PH-10002584,Technology,Phones,"Samsung Galaxy S4",2003.17,4,0.2,250.4
CA-2014-131926,2014-06-01,2014-06-06,"Second Class",DW-13480,"Dianna Wilson","Home Office","United States",Lakeville,Minnesota,2050-09-13,Central,FUR-CH-10004063,Furniture,Chairs,"Global Deluxe High-Back Manager's Chair",2001.86,7,0,580.54
CA-2014-163748,2014-10-14,2014-10-18,"Standard Class",HG-15025,"Hunter Glantz",Consumer,"United States","Fort Worth",Texas,2108-05-14,Central,TEC-CO-10002095,Technology,Copiers,"Hewlett Packard 610 Color Digital Copier / Printer",1999.96,5,0.2,624.99
CA-2016-157791,2016-12-23,2016-12-28,"Second Class",CA-11965,"Carol Adams",Corporate,"United States",Warwick,"Rhode Island",1907-11-25,East,TEC-CO-10002095,Technology,Copiers,"Hewlett Packard 610 Color Digital Copier / Printer",1999.96,4,0,899.98
CA-2014-134313,2014-11-01,2014-11-07,"Standard Class",RA-19915,"Russell Applegate",Consumer,"United States",Denver,Colorado,2119-08-18,West,TEC-PH-10001795,Technology,Phones,"ClearOne CHATAttach 160 - speaker phone",1983.97,4,0.2,248
CA-2016-133725,2016-05-23,2016-05-28,"Standard Class",KL-16645,"Ken Lonsdale",Consumer,"United States",Chicago,Illinois,2065-12-22,Central,TEC-PH-10004165,Technology,Phones,"Mitel MiVoice 5330e IP Phone",1979.93,9,0.2,148.49
CA-2017-123372,2017-11-28,2017-12-02,"Standard Class",DG-13300,"Deirdre Greer",Corporate,"United States","New York City","New York",1927-06-22,East,TEC-PH-10002834,Technology,Phones,"Google Nexus 5",1979.89,11,0,494.97
CA-2016-113831,2016-05-30,2016-06-03,"Standard Class",AH-10690,"Anna Häberlin",Corporate,"United States",Springfield,Virginia,1960-08-25,South,TEC-AC-10003033,Technology,Accessories,"Plantronics CS510 - Over-the-Head monaural Wireless Headset System",1979.7,6,0,653.3
CA-2016-114489,2016-12-05,2016-12-09,"Standard Class",JE-16165,"Justin Ellison",Corporate,"United States",Franklin,Wisconsin,2045-06-19,Central,FUR-CH-10000454,Furniture,Chairs,"Hon Deluxe Fabric Upholstered Stacking Chairs, Rounded Back",1951.84,8,0,585.55
US-2017-118087,2017-09-09,2017-09-13,"Standard Class",SP-20620,"Stefania Perrino",Corporate,"United States",Philadelphia,Pennsylvania,1952-05-20,East,TEC-PH-10002200,Technology,Phones,"Samsung Galaxy Note 2",1931.96,7,0.4,-386.39
CA-2015-114069,2015-07-13,2015-07-15,"Second Class",ND-18370,"Natalie DeCherney",Consumer,"United States","New York City","New York",1927-06-22,East,FUR-CH-10000595,Furniture,Chairs,"Safco Contoured Stacking Chairs",1931.04,9,0.1,321.84
CA-2017-137596,2017-09-02,2017-09-07,"Standard Class",BE-11335,"Bill Eplett","Home Office","United States",Jackson,Michigan,2034-09-14,Central,TEC-AC-10004666,Technology,Accessories,"Maxell iVDR EX 500GB Cartridge",1928.78,7,0,829.38
CA-2016-147256,2016-10-17,2016-10-21,"Second Class",FC-14245,"Frank Carlisle","Home Office","United States",Columbia,Missouri,2078-07-07,Central,OFF-AP-10003057,"Office Supplies",Appliances,"Honeywell Enviracaire Portable HEPA Air Cleaner for 16' x 20' Room",1927.59,7,0,751.76
CA-2017-121559,2017-06-01,2017-06-03,"Second Class",HW-14935,"Helen Wasserman",Corporate,"United States",Indianapolis,Indiana,2026-06-30,Central,FUR-CH-10003746,Furniture,Chairs,"Hon 4070 Series Pagoda Round Back Stacking Chairs",1925.88,6,0,539.25
CA-2017-167752,2017-01-15,2017-01-18,"First Class",RW-19690,"Robert Waldorf",Consumer,"United States",Philadelphia,Pennsylvania,1952-05-20,East,OFF-AP-10002945,"Office Supplies",Appliances,"Honeywell Enviracaire Portable HEPA Air Cleaner for 17' x 22' Room",1924.16,8,0.2,312.68
CA-2015-121797,2015-01-30,2015-02-06,"Standard Class",CC-12145,"Charles Crestani",Consumer,"United States","Los Angeles",California,2146-07-17,West,TEC-MA-10000488,Technology,Machines,"Bady BDG101FRU Card Printer",1919.98,3,0.2,216
CA-2017-136308,2017-11-16,2017-11-16,"Same Day",MW-18235,"Mitch Willingham",Corporate,"United States","San Francisco",California,2157-09-10,West,TEC-MA-10000488,Technology,Machines,"Bady BDG101FRU Card Printer",1919.98,3,0.2,216
CA-2015-137113,2015-12-01,2015-12-05,"Second Class",TW-21025,"Tamara Willingham","Home Office","United States",Seattle,Washington,2168-08-06,West,FUR-TA-10001705,Furniture,Tables,"Bush Advantage Collection Round Conference Table",1913.4,9,0,401.81
US-2017-122714,2017-12-07,2017-12-13,"Standard Class",HG-14965,"Henry Goldwyn",Corporate,"United States",Chicago,Illinois,2066-01-21,Central,OFF-BI-10001120,"Office Supplies",Binders,"Ibico EPK-21 Electric Binding System",1889.99,5,0.8,-2929.48
US-2017-161935,2017-07-14,2017-07-18,"Standard Class",JL-15835,"John Lee",Consumer,"United States",Columbus,Ohio,2018-05-09,East,TEC-PH-10000560,Technology,Phones,"Samsung Galaxy S III - 16GB - pebble blue (T-Mobile)",1889.95,9,0.4,-377.99
US-2015-128090,2015-08-16,2015-08-22,"Standard Class",JM-15865,"John Murray",Consumer,"United States",Phoenix,Arizona,2132-10-12,West,TEC-PH-10002624,Technology,Phones,"Samsung Galaxy S4 Mini",1879.96,5,0.2,211.5
CA-2017-141439,2017-11-26,2017-12-01,"Standard Class",TT-21460,"Tonja Turnell","Home Office","United States",Richmond,Indiana,2029-09-13,Central,TEC-PH-10002624,Technology,Phones,"Samsung Galaxy S4 Mini",1879.96,4,0,545.19
CA-2017-159100,2017-10-16,2017-10-21,"Standard Class",VP-21760,"Victoria Pisteka",Corporate,"United States",Columbia,Tennessee,2005-02-18,South,FUR-TA-10001950,Furniture,Tables,"Balt Solid Wood Round Tables",1875.26,7,0.4,-968.88
CA-2015-125976,2015-09-27,2015-10-02,"Standard Class",JK-15205,"Jamie Kunitz",Consumer,"United States",Arlington,Virginia,1960-10-15,South,TEC-PH-10002496,Technology,Phones,"Cisco SPA301",1871.88,12,0,561.56
US-2014-131275,2014-03-18,2014-03-24,"Standard Class",SC-20050,"Sample Company A","Home Office","United States",Burbank,California,2150-07-12,West,OFF-ST-10000078,"Office Supplies",Storage,"Tennsco 6- and 18-Compartment Lockers",1856.19,7,0,334.11
CA-2014-120768,2014-12-19,2014-12-21,"Second Class",IM-15070,"Irene Maddox",Consumer,"United States",Florence,Alabama,1997-07-19,South,FUR-CH-10000513,Furniture,Chairs,"High-Back Leather Manager's Chair",1819.86,14,0,163.79
CA-2017-119452,2017-03-21,2017-03-27,"Standard Class",CL-12565,"Clay Ludtke",Consumer,"United States",Tulsa,Oklahoma,2102-12-19,Central,FUR-CH-10004495,Furniture,Chairs,"Global Leather and Oak Executive Chair, Black",1805.88,6,0,523.71
US-2017-117723,2017-08-15,2017-08-18,"Second Class",DL-13495,"Dionis Lloyd",Corporate,"United States",Philadelphia,Pennsylvania,1952-05-06,East,OFF-ST-10004459,"Office Supplies",Storage,"Tennsco Single-Tier Lockers",1801.63,6,0.2,-337.81
CA-2014-122931,2014-09-29,2014-10-03,"Standard Class",SM-20950,"Suzanne McNair",Corporate,"United States",Philadelphia,Pennsylvania,1952-05-20,East,OFF-ST-10004459,"Office Supplies",Storage,"Tennsco Single-Tier Lockers",1801.63,6,0.2,-337.81
CA-2015-134719,2015-10-10,2015-10-15,"Standard Class",JD-15790,"John Dryer",Consumer,"United States",Jacksonville,Florida,1988-03-14,South,OFF-ST-10004459,"Office Supplies",Storage,"Tennsco Single-Tier Lockers",1801.63,6,0.2,-337.81
CA-2015-147830,2015-12-15,2015-12-18,"First Class",NF-18385,"Natalie Fritzler",Consumer,"United States",Newark,Ohio,2017-11-16,East,TEC-MA-10000418,Technology,Machines,"Cubify CubeX 3D Printer Double Head Print",1799.99,2,0.7,-2639.99
US-2014-135972,2014-09-21,2014-09-23,"Second Class",JG-15115,"Jack Garza",Consumer,"United States","Des Moines",Washington,2168-11-07,West,TEC-CO-10002313,Technology,Copiers,"Canon PC1080F Personal Copier",1799.97,3,0,701.99
CA-2014-116666,2014-05-08,2014-05-10,"First Class",KT-16480,"Kean Thornton",Consumer,"United States",Philadelphia,Pennsylvania,1952-05-20,East,TEC-CO-10001449,Technology,Copiers,"Hewlett Packard LaserJet 3310 Copier",1799.97,5,0.4,240
CA-2015-130659,2015-12-04,2015-12-09,"Second Class",MS-17365,"Maribeth Schnelling",Consumer,"United States","New York City","New York",1927-06-22,East,TEC-PH-10004586,Technology,Phones,"Wilson SignalBoost 841262 DB PRO Amplifier Kit",1799.75,5,0,539.93
CA-2017-141789,2017-10-03,2017-10-06,"First Class",AC-10450,"Amy Cox",Consumer,"United States",Minneapolis,Minnesota,2051-09-11,Central,OFF-BI-10001359,"Office Supplies",Binders,"GBC DocuBind TL300 Electric Binding System",1793.98,2,0,843.17
CA-2016-101546,2016-12-18,2016-12-24,"Standard Class",GK-14620,"Grace Kelly",Corporate,"United States",Morristown,"New Jersey",1921-10-16,East,OFF-BI-10001359,"Office Supplies",Binders,"GBC DocuBind TL300 Electric Binding System",1793.98,2,0,843.17
CA-2014-152268,2014-09-02,2014-09-07,"Standard Class",SC-20095,"Sanjit Chand",Consumer,"United States",Fayetteville,Arkansas,2099-01-16,South,OFF-BI-10001359,"Office Supplies",Binders,"GBC DocuBind TL300 Electric Binding System",1793.98,2,0,843.17
CA-2017-142090,2017-11-30,2017-12-07,"Standard Class",SC-20380,"Shahid Collister",Consumer,"United States",Burlington,"North Carolina",1974-07-07,South,FUR-TA-10001889,Furniture,Tables,"Bush Advantage Collection Racetrack Conference Table",1781.68,7,0.4,-653.28
US-2017-118941,2017-08-12,2017-08-12,"Same Day",BB-11545,"Brenda Bowman",Corporate,"United States",Columbia,Maryland,1957-08-12,East,FUR-CH-10002331,Furniture,Chairs,"Hon 4700 Series Mobuis Mid-Back Task Chairs with Adjustable Arms",1779.9,5,0,373.78
CA-2016-105081,2016-12-25,2016-12-30,"Standard Class",JE-15715,"Joe Elijah",Consumer,"United States",Seattle,Washington,2168-08-16,West,FUR-TA-10001307,Furniture,Tables,"SAFCO PlanMaster Heigh-Adjustable Drafting Table Base, 43w x 30d x 30-37h, Black",1747.25,5,0,629.01
CA-2014-139892,2014-09-08,2014-09-12,"Standard Class",BM-11140,"Becky Martin",Consumer,"United States","San Antonio",Texas,2114-02-13,Central,FUR-CH-10004287,Furniture,Chairs,"SAFCO Arco Folding Chair",1740.06,9,0.3,-24.86
CA-2014-141313,2014-12-28,2015-01-01,"Standard Class",AJ-10780,"Anthony Jacobs",Corporate,"United States",Beverly,Massachusetts,1905-03-29,East,OFF-AP-10002651,"Office Supplies",Appliances,"Hoover Upright Vacuum With Dirt Cup",1737.18,6,0,503.78
CA-2015-135622,2015-12-08,2015-12-11,"Second Class",TT-21460,"Tonja Turnell","Home Office","United States","Fort Worth",Texas,2108-05-14,Central,TEC-PH-10001817,Technology,Phones,"Wilson Electronics DB Pro Signal Booster",1718.4,6,0.2,150.36
CA-2014-115812,2014-06-09,2014-06-14,"Standard Class",BH-11710,"Brosina Hoffman",Consumer,"United States","Los Angeles",California,2146-06-30,West,FUR-TA-10001539,Furniture,Tables,"Chromcraft Rectangular Conference Tables",1706.18,9,0.2,85.31
CA-2017-113418,2017-10-01,2017-10-03,"First Class",CM-12655,"Corinna Mitchell","Home Office","United States","New York City","New York",1927-06-22,East,TEC-MA-10002428,Technology,Machines,"Fellowes Powershred HS-440 4-Sheet High Security Shredder",1704.89,11,0,767.2
CA-2017-115602,2017-12-18,2017-12-24,"Standard Class",DJ-13630,"Doug Jacobs",Consumer,"United States","New York City","New York",1927-05-27,East,OFF-AP-10000891,"Office Supplies",Appliances,"Kensington 7 Outlet MasterPiece HOMEOFFICE Power Control Center",1704.56,13,0,511.37
CA-2017-123491,2017-10-30,2017-11-05,"Standard Class",JK-15205,"Jamie Kunitz",Consumer,"United States","San Francisco",California,2157-09-10,West,OFF-AP-10002684,"Office Supplies",Appliances,"Acco 7-Outlet Masterpiece Power Center, Wihtout Fax/Phone Line Protection",1702.12,14,0,510.64
CA-2015-158421,2015-09-21,2015-09-26,"Standard Class",GB-14575,"Giulietta Baptist",Consumer,"United States",Columbia,"South Carolina",1979-12-14,South,FUR-CH-10000309,Furniture,Chairs,"Global Comet Stacking Arm Chair",1690.04,4,0,422.51
CA-2017-168109,2017-07-03,2017-07-03,"Same Day",JK-15640,"Jim Kriz","Home Office","United States",Seattle,Washington,2168-08-06,West,TEC-AC-10002049,Technology,Accessories,"Plantronics Savi W720 Multi-Device Wireless Headset System",1687.8,4,0,742.63
CA-2014-133592,2014-12-31,2015-01-07,"Standard Class",KM-16375,"Katherine Murray","Home Office","United States",Providence,"Rhode Island",1907-12-17,East,TEC-AC-10002049,Technology,Accessories,"Plantronics Savi W720 Multi-Device Wireless Headset System",1687.8,4,0,742.63
US-2016-102239,2016-05-05,2016-05-06,"First Class",LW-16990,"Lindsay Williams",Corporate,"United States",Henderson,Nevada,2143-09-17,West,FUR-TA-10003392,Furniture,Tables,"Global Adaptabilities Conference Tables",1685.88,6,0,320.32
US-2016-163881,2016-11-24,2016-11-30,"Standard Class",SP-20860,"Sung Pak",Corporate,"United States","Los Angeles",California,2146-07-04,West,FUR-CH-10001394,Furniture,Chairs,"Global Leather Executive Chair",1684.75,6,0.2,210.59
CA-2014-131387,2014-04-28,2014-04-30,"First Class",AI-10855,"Arianne Irving",Consumer,"United States","San Francisco",California,2157-09-10,West,TEC-PH-10001459,Technology,Phones,"Samsung Galaxy Mega 6.3",1679.96,5,0.2,126
CA-2014-108147,2014-06-08,2014-06-13,"Standard Class",RD-19480,"Rick Duston",Consumer,"United States","Long Beach","New York",1931-08-26,East,OFF-ST-10003470,"Office Supplies",Storage,"Tennsco Snap-Together Open Shelving Units, Starter Sets and Add-On Units",1676.88,6,0,83.84
US-2017-105998,2017-11-03,2017-11-05,"First Class",CR-12580,"Clay Rozendal","Home Office","United States","San Diego",California,2151-12-26,West,FUR-TA-10001095,Furniture,Tables,"Chromcraft Round Conference Tables",1673.18,12,0.2,20.91
CA-2017-148446,2017-12-10,2017-12-14,"Second Class",MC-17845,"Michael Chen",Consumer,"United States","North Las Vegas",Nevada,2143-10-03,West,FUR-TA-10004256,Furniture,Tables,"Bretford “Just In Time” Height-Adjustable Multi-Task Work Tables",1669.6,4,0,116.87
CA-2017-158729,2017-12-19,2017-12-21,"First Class",AC-10450,"Amy Cox",Consumer,"United States",Lafayette,Louisiana,2093-01-12,South,OFF-SU-10002881,"Office Supplies",Supplies,"Martin Yale Chadless Opener Electric Letter Opener",1665.62,2,0,33.31
CA-2016-142335,2016-12-15,2016-12-19,"Standard Class",MP-17965,"Michael Paige",Corporate,"United States",Detroit,Michigan,2031-12-23,Central,FUR-TA-10000198,Furniture,Tables,"Chromcraft Bull-Nose Wood Oval Conference Tables & Bases",1652.94,3,0,231.41
US-2016-121013,2016-09-05,2016-09-10,"Standard Class",MM-17920,"Michael Moore",Consumer,"United States",Chesapeake,Virginia,1963-11-05,South,FUR-TA-10003238,Furniture,Tables,"Chromcraft Bull-Nose Wood 48" x 96" Rectangular Conference Tables",1652.94,3,0,314.06
CA-2016-153598,2016-12-03,2016-12-06,"First Class",NM-18520,"Neoma Murray",Consumer,"United States","Los Angeles",California,2146-07-13,West,TEC-AC-10003870,Technology,Accessories,"Logitech Z-906 Speaker sys - home theater - 5.1-CH",1649.95,5,0,659.98
US-2017-167318,2017-07-26,2017-08-01,"Standard Class",GZ-14545,"George Zrebassa",Corporate,"United States","Los Angeles",California,2146-07-04,West,TEC-AC-10003870,Technology,Accessories,"Logitech Z-906 Speaker sys - home theater - 5.1-CH",1649.95,5,0,659.98
CA-2016-125220,2016-10-14,2016-10-19,"Standard Class",BE-11410,"Bobby Elias",Consumer,"United States",Appleton,Wisconsin,2050-05-07,Central,TEC-AC-10003033,Technology,Accessories,"Plantronics CS510 - Over-the-Head monaural Wireless Headset System",1649.75,5,0,544.42
CA-2015-160171,2015-10-19,2015-10-24,"Standard Class",RM-19675,"Robert Marley","Home Office","United States","Los Angeles",California,2146-06-06,West,OFF-AP-10000275,"Office Supplies",Appliances,"Sanyo Counter Height Refrigerator with Crisper, 3.6 Cubic Foot, Stainless Steel/Black",1640.7,5,0,459.4
CA-2017-107517,2017-02-05,2017-02-09,"Standard Class",FC-14335,"Fred Chung",Corporate,"United States",Torrance,California,2147-10-14,West,OFF-AP-10000275,"Office Supplies",Appliances,"Sanyo Counter Height Refrigerator with Crisper, 3.6 Cubic Foot, Stainless Steel/Black",1640.7,5,0,459.4
US-2017-120390,2017-10-19,2017-10-26,"Standard Class",TH-21550,"Tracy Hopkins","Home Office","United States",Burlington,"North Carolina",1974-07-07,South,OFF-BI-10004995,"Office Supplies",Binders,"GBC DocuBind P400 Electric Binding System",1633.19,4,0.7,-1306.55
CA-2017-152912,2017-11-09,2017-11-12,"Second Class",BM-11650,"Brian Moss",Corporate,"United States",Columbia,Maryland,1957-08-12,East,OFF-ST-10003208,"Office Supplies",Storage,"Adjustable Depth Letter/Legal Cart",1633.14,9,0,473.61
CA-2017-138975,2017-05-19,2017-05-23,"Standard Class",SC-20380,"Shahid Collister",Consumer,"United States",Atlanta,Georgia,1983-01-02,South,FUR-BO-10004695,Furniture,Bookcases,"O'Sullivan 2-Door Barrister Bookcase in Odessa Pine",1628.82,9,0,374.63
CA-2014-151330,2014-10-14,2014-10-17,"First Class",TC-21295,"Toby Carlisle",Consumer,"United States",Everett,Massachusetts,1905-11-18,East,FUR-CH-10000749,Furniture,Chairs,"Office Star - Ergonomic Mid Back Chair with 2-Way Adjustable Arms",1628.82,9,0,260.61
CA-2017-118724,2017-07-21,2017-07-25,"Second Class",AR-10825,"Anthony Rawles",Corporate,"United States",Concord,California,2158-10-14,West,TEC-PH-10002549,Technology,Phones,"Polycom SoundPoint IP 450 VoIP phone",1626.19,9,0.2,121.96
US-2015-127040,2015-12-06,2015-12-10,"Standard Class",SG-20605,"Speros Goranitis",Consumer,"United States","New York City","New York",1927-05-27,East,TEC-AC-10002637,Technology,Accessories,"Logitech VX Revolution Cordless Laser Mouse for Notebooks (Black)",1619.91,9,0,97.19
US-2015-126214,2015-12-21,2015-12-24,"Second Class",JS-15880,"John Stevenson",Consumer,"United States",Seattle,Washington,2168-08-04,West,FUR-TA-10003748,Furniture,Tables,"Bevis 36 x 72 Conference Tables",1618.37,13,0,356.04
CA-2017-128363,2017-08-13,2017-08-18,"Standard Class",DC-12850,"Dan Campbell",Consumer,"United States",Memphis,Tennessee,2004-05-02,South,OFF-BI-10001359,"Office Supplies",Binders,"GBC DocuBind TL300 Electric Binding System",1614.58,6,0.7,-1237.85
CA-2016-168354,2016-09-19,2016-09-21,"First Class",RH-19510,"Rick Huthwaite","Home Office","United States",Providence,"Rhode Island",1907-12-17,East,OFF-ST-10001490,"Office Supplies",Storage,"Hot File 7-Pocket, Floor Stand",1606.23,9,0,481.87
CA-2014-145387,2014-10-31,2014-11-02,"Second Class",AM-10705,"Anne McFarland",Consumer,"United States",Cranston,"Rhode Island",1907-12-29,East,FUR-CH-10002320,Furniture,Chairs,"Hon Pagoda Stacking Chairs",1604.9,5,0,481.47
CA-2016-128594,2016-08-26,2016-08-29,"First Class",DJ-13510,"Don Jones",Corporate,"United States","San Diego",California,2151-12-26,West,FUR-CH-10001215,Furniture,Chairs,"Global Troy Executive Leather Low-Back Tilter",1603.14,4,0.2,100.2
CA-2016-152247,2016-11-07,2016-11-12,"Standard Class",MA-17995,"Michelle Arnett","Home Office","United States",Cheyenne,Wyoming,2124-07-04,West,FUR-CH-10001215,Furniture,Chairs,"Global Troy Executive Leather Low-Back Tilter",1603.14,4,0.2,100.2
CA-2016-102162,2016-09-11,2016-09-16,"Standard Class",JF-15565,"Jill Fjeld",Consumer,"United States","Newport News",Virginia,1964-08-13,South,TEC-CO-10001943,Technology,Copiers,"Canon PC-428 Personal Copier",1599.92,8,0,751.96
CA-2015-155600,2015-12-04,2015-12-07,"Second Class",RO-19780,"Rose O'Brian",Consumer,"United States",Clarksville,Tennessee,2001-05-31,South,OFF-BI-10000545,"Office Supplies",Binders,"GBC Ibimaster 500 Manual ProClick Binding System",1598.06,7,0.7,-1065.37
CA-2016-105207,2016-01-03,2016-01-08,"Standard Class",BO-11350,"Bill Overfelt",Corporate,"United States","Broken Arrow",Oklahoma,2102-08-20,Central,FUR-TA-10000617,Furniture,Tables,"Hon Practical Foundations 30 x 60 Training Table, Light Gray/Charcoal",1592.85,7,0,350.43
CA-2016-105459,2016-08-12,2016-08-17,"Second Class",NP-18700,"Nora Preis",Consumer,"United States","New York City","New York",1927-06-11,East,OFF-ST-10000078,"Office Supplies",Storage,"Tennsco 6- and 18-Compartment Lockers",1591.02,6,0,286.38
CA-2017-120376,2017-12-22,2017-12-25,"First Class",TP-21130,"Theone Pippenger",Consumer,"United States",Detroit,Michigan,2032-01-14,Central,FUR-CH-10002335,Furniture,Chairs,"Hon GuestStacker Chair",1586.69,7,0,412.54
US-2014-148838,2014-03-17,2014-03-21,"Standard Class",CP-12340,"Christine Phan",Corporate,"United States","New York City","New York",1927-06-11,East,FUR-TA-10003473,Furniture,Tables,"Bretford Rectangular Conference Table Tops",1579.75,7,0.4,-447.59
CA-2017-103877,2017-09-07,2017-09-14,"Standard Class",RD-19660,"Robert Dilbeck","Home Office","United States",Independence,Missouri,2075-05-16,Central,OFF-BI-10003650,"Office Supplies",Binders,"GBC DocuBind 300 Electric Binding Machine",1577.94,3,0,757.41
CA-2017-146983,2017-09-02,2017-09-06,"Standard Class",AH-10210,"Alan Hwang",Consumer,"United States",Henderson,Kentucky,2016-02-20,South,OFF-BI-10003650,"Office Supplies",Binders,"GBC DocuBind 300 Electric Binding Machine",1577.94,3,0,757.41
CA-2017-105914,2017-10-02,2017-10-08,"Standard Class",PV-18985,"Paul Van Hugh","Home Office","United States","Los Angeles",California,2146-07-04,West,OFF-ST-10003716,"Office Supplies",Storage,"Tennsco Double-Tier Lockers",1575.14,7,0,204.77
CA-2014-150245,2014-12-31,2015-01-04,"Second Class",PC-18745,"Pamela Coakley",Corporate,"United States",Watertown,"New York",1937-03-27,East,FUR-BO-10002613,Furniture,Bookcases,"Atlantic Metals Mobile 4-Shelf Bookcases, Custom Colors",1573.49,7,0.2,196.69
CA-2016-169838,2016-11-25,2016-11-29,"Standard Class",BB-11545,"Brenda Bowman",Corporate,"United States",Jackson,Michigan,2034-09-14,Central,FUR-TA-10001095,Furniture,Tables,"Chromcraft Round Conference Tables",1568.61,9,0,329.41
US-2016-100461,2016-01-08,2016-01-12,"Standard Class",JO-15145,"Jack O'Briant",Corporate,"United States",Franklin,Wisconsin,2045-06-19,Central,FUR-BO-10002545,Furniture,Bookcases,"Atlantic Metals Mobile 3-Shelf Bookcases, Custom Colors",1565.88,6,0,407.13
US-2016-165505,2016-01-23,2016-01-27,"Standard Class",CB-12535,"Claudia Bergmann",Corporate,"United States",Burlington,Vermont,1914-10-21,East,OFF-ST-10001526,"Office Supplies",Storage,"Iceberg Mobile Mega Data/Printer Cart ",1564.29,13,0,406.72
CA-2016-125087,2016-04-18,2016-04-23,"Standard Class",TH-21115,"Thea Hudgings",Corporate,"United States",Houston,Texas,2111-01-03,Central,OFF-ST-10001780,"Office Supplies",Storage,"Tennsco 16-Compartment Lockers with Coat Rack",1554.94,3,0.2,77.75
CA-2015-111514,2015-08-31,2015-09-02,"First Class",SC-20260,"Scott Cohen",Corporate,"United States","San Francisco",California,2157-09-10,West,FUR-BO-10002545,Furniture,Bookcases,"Atlantic Metals Mobile 3-Shelf Bookcases, Custom Colors",1552.83,7,0.15,200.95
CA-2015-101889,2015-12-27,2015-12-31,"Standard Class",DB-13120,"David Bremer",Corporate,"United States",Marion,Ohio,2018-07-21,East,FUR-TA-10004154,Furniture,Tables,"Riverside Furniture Oval Coffee Table, Oval End Table, End Table with Drawer",1548.99,9,0.4,-464.7
CA-2016-124590,2016-11-12,2016-11-16,"Standard Class",SP-20920,"Susan Pistek",Consumer,"United States",Parma,Ohio,2020-10-30,East,FUR-CH-10000454,Furniture,Chairs,"Hon Deluxe Fabric Upholstered Stacking Chairs, Rounded Back",1537.07,9,0.3,0
CA-2017-155880,2017-03-25,2017-03-31,"Standard Class",JD-16150,"Justin Deggeller",Corporate,"United States",Milwaukee,Wisconsin,2045-09-04,Central,FUR-CH-10004675,Furniture,Chairs,"Lifetime Advantage Folding Chairs, 4/Carton",1526.56,7,0,427.44
CA-2017-131254,2017-11-19,2017-11-21,"First Class",NC-18415,"Nathan Cano",Consumer,"United States",Houston,Texas,2111-01-28,Central,OFF-BI-10003527,"Office Supplies",Binders,"Fellowes PB500 Electric Punch Plastic Comb Binding Machine with Manual Bind",1525.19,6,0.8,-2287.78
CA-2015-166947,2015-06-05,2015-06-10,"Standard Class",EB-13750,"Edward Becker",Corporate,"United States",Buffalo,"New York",1938-12-01,East,FUR-CH-10004997,Furniture,Chairs,"Hon Every-Day Series Multi-Task Chairs",1522.64,9,0.1,169.18
CA-2015-115567,2015-09-13,2015-09-18,"Standard Class",ZC-21910,"Zuschuss Carroll",Consumer,"United States",Columbus,Indiana,2029-03-24,Central,FUR-CH-10000015,Furniture,Chairs,"Hon Multipurpose Stacking Arm Chairs",1516.2,7,0,394.21
CA-2017-103212,2017-10-13,2017-10-14,"First Class",MH-18025,"Michelle Huthwaite",Consumer,"United States",Lafayette,Louisiana,2093-01-12,South,FUR-TA-10003473,Furniture,Tables,"Bretford Rectangular Conference Table Tops",1504.52,4,0,346.04
CA-2014-131926,2014-06-01,2014-06-06,"Second Class",DW-13480,"Dianna Wilson","Home Office","United States",Lakeville,Minnesota,2050-09-13,Central,OFF-AP-10002945,"Office Supplies",Appliances,"Honeywell Enviracaire Portable HEPA Air Cleaner for 17' x 22' Room",1503.25,5,0,496.07
CA-2014-153850,2014-11-24,2014-11-29,"Standard Class",TH-21100,"Thea Hendricks",Consumer,"United States",Toledo,Ohio,2019-05-30,East,TEC-PH-10002584,Technology,Phones,"Samsung Galaxy S4",1502.38,4,0.4,-250.4
CA-2016-114867,2016-12-23,2016-12-28,"Standard Class",FM-14290,"Frank Merwin","Home Office","United States",Philadelphia,Pennsylvania,1952-05-29,East,TEC-PH-10002645,Technology,Phones,"LG G2",1499.97,5,0.4,-374.99
CA-2016-139997,2016-07-01,2016-07-03,"First Class",EM-14140,"Eugene Moren","Home Office","United States",Lehi,Utah,2130-02-05,West,TEC-CO-10000971,Technology,Copiers,"Hewlett Packard 310 Color Digital Copier",1499.95,5,0,449.99
US-2017-109316,2017-06-08,2017-06-10,"First Class",MG-17680,"Maureen Gastineau","Home Office","United States","Los Angeles",California,2146-07-17,West,FUR-BO-10004834,Furniture,Bookcases,"Riverside Palais Royal Lawyers Bookcase, Royale Cherry Finish",1497.67,2,0.15,140.96
CA-2017-121027,2017-08-18,2017-08-22,"Standard Class",HW-14935,"Helen Wasserman",Corporate,"United States",Seattle,Washington,2168-08-06,West,TEC-AC-10002253,Technology,Accessories,"Imation Bio 8GB USB Flash Drive Imation Corp",1496.16,9,0,224.42
US-2017-134481,2017-08-27,2017-09-01,"Standard Class",AR-10405,"Allen Rosenblatt",Corporate,"United States",Franklin,Massachusetts,1905-07-30,East,FUR-TA-10004915,Furniture,Tables,"Office Impressions End Table, 20-1/2"H x 24"W x 20"D",1488.42,7,0.3,-297.68
US-2015-163279,2015-03-22,2015-03-26,"Standard Class",JD-16150,"Justin Deggeller",Corporate,"United States","San Diego",California,2151-12-26,West,TEC-PH-10001795,Technology,Phones,"ClearOne CHATAttach 160 - speaker phone",1487.98,3,0.2,186
CA-2014-166954,2014-04-25,2014-04-30,"Standard Class",BT-11305,"Beth Thompson","Home Office","United States","San Gabriel",California,2151-04-09,West,FUR-CH-10003973,Furniture,Chairs,"GuestStacker Chair with Chrome Finish Legs",1487.04,5,0.2,148.7
CA-2014-125731,2014-09-10,2014-09-16,"Standard Class",CL-12565,"Clay Ludtke",Consumer,"United States",Gresham,Oregon,2165-08-27,West,FUR-CH-10003973,Furniture,Chairs,"GuestStacker Chair with Chrome Finish Legs",1487.04,5,0.2,148.7
CA-2017-116680,2017-09-04,2017-09-06,"Second Class",PK-19075,"Pete Kriz",Consumer,"United States","San Francisco",California,2157-09-10,West,FUR-TA-10001771,Furniture,Tables,"Bush Cubix Conference Tables, Fully Assembled",1478.27,8,0.2,92.39
CA-2016-124590,2016-11-12,2016-11-16,"Standard Class",SP-20920,"Susan Pistek",Consumer,"United States",Parma,Ohio,2020-10-30,East,FUR-CH-10004495,Furniture,Chairs,"Global Leather and Oak Executive Chair, Black",1474.8,7,0.3,-21.07
CA-2017-156776,2017-08-07,2017-08-11,"Standard Class",JL-15505,"Jeremy Lonsdale",Consumer,"United States",Westminster,California,2153-10-02,West,OFF-AP-10002534,"Office Supplies",Appliances,"3.6 Cubic Foot Counter Height Office Refrigerator",1473.1,5,0,412.47
US-2017-142188,2017-09-11,2017-09-11,"Same Day",JF-15415,"Jennifer Ferguson",Consumer,"United States",Seattle,Washington,2168-08-06,West,OFF-BI-10004600,"Office Supplies",Binders,"Ibico Ibimaster 300 Manual Binding System",1471.96,5,0.2,459.99
CA-2017-141733,2017-05-07,2017-05-11,"Standard Class",RW-19540,"Rick Wilson",Corporate,"United States",Detroit,Michigan,2032-01-21,Central,FUR-CH-10004086,Furniture,Chairs,"Hon 4070 Series Pagoda Armless Upholstered Stacking Chairs",1458.65,5,0,423.01
CA-2016-123540,2016-04-02,2016-04-06,"Second Class",DJ-13420,"Denny Joy",Corporate,"United States",Milwaukee,Wisconsin,2045-09-04,Central,FUR-CH-10000847,Furniture,Chairs,"Global Executive Mid-Back Manager's Chair",1454.9,5,0,378.27
CA-2017-143063,2017-08-10,2017-08-15,"Standard Class",IL-15100,"Ivan Liston",Consumer,"United States",Columbus,Indiana,2029-03-24,Central,TEC-PH-10003645,Technology,Phones,"Aastra 57i VoIP phone",1454.49,9,0,378.17
CA-2015-162047,2015-11-03,2015-11-05,"First Class",FH-14365,"Fred Hopkins",Corporate,"United States","Long Beach","New York",1931-08-26,East,FUR-CH-10004983,Furniture,Chairs,"Office Star - Mid Back Dual function Ergonomic High Back Chair with 2-Way Adjustable Arms",1448.82,10,0.1,209.27
CA-2015-155306,2015-04-17,2015-04-21,"Standard Class",GA-14515,"George Ashbrook",Consumer,"United States","San Francisco",California,2157-09-10,West,OFF-AP-10002651,"Office Supplies",Appliances,"Hoover Upright Vacuum With Dirt Cup",1447.65,5,0,419.82
CA-2017-146535,2017-11-24,2017-11-30,"Standard Class",FM-14290,"Frank Merwin","Home Office","United States",Richmond,Kentucky,2010-10-24,South,OFF-ST-10001526,"Office Supplies",Storage,"Iceberg Mobile Mega Data/Printer Cart ",1443.96,12,0,375.43
CA-2014-132612,2014-06-09,2014-06-11,"Second Class",FO-14305,"Frank Olsen",Consumer,"United States",Harrisonburg,Virginia,1962-06-04,South,FUR-TA-10004534,Furniture,Tables,"Bevis 44 x 96 Conference Tables",1441.3,7,0,245.02
CA-2017-162691,2017-08-01,2017-08-07,"Standard Class",AS-10045,"Aaron Smayling",Corporate,"United States",Austin,Texas,2115-08-05,Central,TEC-MA-10000488,Technology,Machines,"Bady BDG101FRU Card Printer",1439.98,3,0.4,-264
CA-2016-147417,2016-07-25,2016-07-27,"First Class",CB-12415,"Christy Brittain",Consumer,"United States",Columbus,Ohio,2018-05-09,East,TEC-CO-10001449,Technology,Copiers,"Hewlett Packard LaserJet 3310 Copier",1439.98,4,0.4,192
CA-2015-146675,2015-04-16,2015-04-20,"Standard Class",SB-20185,"Sarah Brown",Consumer,"United States",Evanston,Illinois,2064-10-26,Central,TEC-CO-10001766,Technology,Copiers,"Canon PC940 Copier",1439.97,4,0.2,485.99
CA-2016-168032,2016-01-30,2016-02-03,"Standard Class",DF-13135,"David Flashing",Consumer,"United States",Rockford,Illinois,2067-04-20,Central,TEC-PH-10004241,Technology,Phones,"Nokia Lumia 1020",1439.97,4,0.2,144
CA-2017-145884,2017-10-21,2017-10-21,"Same Day",SL-20155,"Sara Luxemburg","Home Office","United States",Muskogee,Oklahoma,2103-09-15,Central,TEC-PH-10000895,Technology,Phones,"Polycom VVX 310 VoIP phone",1439.92,8,0,374.38
CA-2014-103310,2014-05-10,2014-05-15,"Standard Class",GM-14680,"Greg Matthias",Consumer,"United States","San Jose",California,2160-06-07,West,TEC-PH-10001817,Technology,Phones,"Wilson Electronics DB Pro Signal Booster",1432,5,0.2,125.3
US-2016-143448,2016-12-10,2016-12-10,"Same Day",MH-17455,"Mark Hamilton",Consumer,"United States",Greenwood,Indiana,2026-04-30,Central,FUR-CH-10003379,Furniture,Chairs,"Global Commerce Series High-Back Swivel/Tilt Chairs",1424.9,5,0,356.23
CA-2016-131289,2016-12-08,2016-12-14,"Standard Class",SP-20620,"Stefania Perrino",Corporate,"United States","San Francisco",California,2157-08-29,West,FUR-TA-10003954,Furniture,Tables,"Hon 94000 Series Round Tables",1421.66,6,0.2,-195.48
CA-2014-108609,2014-10-31,2014-11-02,"Second Class",AJ-10780,"Anthony Jacobs",Corporate,"United States",Lorain,Ohio,2020-08-09,East,FUR-TA-10003954,Furniture,Tables,"Hon 94000 Series Round Tables",1421.66,8,0.4,-734.53
CA-2017-105669,2017-09-17,2017-09-22,"Second Class",SJ-20125,"Sanjit Jacobs","Home Office","United States",Houston,Texas,2110-11-30,Central,TEC-PH-10002415,Technology,Phones,"Polycom VoiceStation 500 Conference phone",1415.76,6,0.2,88.49
CA-2015-153381,2015-09-24,2015-09-28,"Standard Class",DE-13255,"Deanra Eno","Home Office","United States",Dubuque,Iowa,2042-05-15,Central,FUR-CH-10000988,Furniture,Chairs,"Hon Olson Stacker Stools",1408.1,10,0,394.27
CA-2015-147788,2015-05-31,2015-06-04,"Standard Class",TM-21010,"Tamara Manning",Consumer,"United States",Orem,Utah,2130-02-19,West,FUR-BO-10004357,Furniture,Bookcases,"O'Sullivan Living Dimensions 3-Shelf Bookcases",1406.86,7,0,140.69
CA-2014-124247,2014-12-16,2014-12-21,"Standard Class",SH-20635,"Stefanie Holloman",Corporate,"United States",Sacramento,California,2162-05-08,West,FUR-CH-10001854,Furniture,Chairs,"Office Star - Professional Matrix Back Chair with 2-to-1 Synchro Tilt and Mesh Fabric Seat",1403.92,5,0.2,70.2
CA-2016-146913,2016-10-31,2016-11-05,"Standard Class",SF-20965,"Sylvia Foulston",Corporate,"United States","San Francisco",California,2157-08-28,West,FUR-CH-10001854,Furniture,Chairs,"Office Star - Professional Matrix Back Chair with 2-to-1 Synchro Tilt and Mesh Fabric Seat",1403.92,5,0.2,70.2
US-2017-167920,2017-12-09,2017-12-12,"Second Class",JL-15835,"John Lee",Consumer,"United States",Richmond,Kentucky,2010-10-24,South,TEC-CO-10001046,Technology,Copiers,"Canon Imageclass D680 Copier / Fax",1399.98,2,0,629.99
CA-2016-155845,2016-08-12,2016-08-15,"Second Class",CM-12235,"Chris McAfee",Consumer,"United States",Carrollton,Texas,2105-05-11,Central,TEC-AC-10004145,Technology,Accessories,"Logitech diNovo Edge Keyboard",1399.94,7,0.2,52.5
CA-2017-143686,2017-05-14,2017-05-14,"Same Day",PJ-19015,"Pauline Johnson",Consumer,"United States","Santa Ana",California,2153-10-23,West,TEC-AC-10001838,Technology,Accessories,"Razer Tiamat Over Ear 7.1 Surround Sound PC Gaming Headset",1399.93,7,0,601.97
CA-2015-113145,2015-11-01,2015-11-05,"Standard Class",VD-21670,"Valerie Dominguez",Consumer,"United States","New York City","New York",1927-05-29,East,TEC-AC-10001838,Technology,Accessories,"Razer Tiamat Over Ear 7.1 Surround Sound PC Gaming Headset",1399.93,7,0,601.97
CA-2014-124856,2014-09-29,2014-10-03,"Second Class",LD-17005,"Lisa DeCherney",Consumer,"United States","New York City","New York",1927-05-29,East,OFF-ST-10002615,"Office Supplies",Storage,"Dual Level, Single-Width Filing Carts",1395.54,9,0,362.84
CA-2014-110408,2014-10-18,2014-10-20,"Second Class",AS-10225,"Alan Schoenberger",Corporate,"United States",Montgomery,Alabama,1998-11-17,South,TEC-PH-10002352,Technology,Phones,"Avaya IP Phone 1140E VoIP phone",1394.95,5,0,362.69
CA-2015-124450,2015-04-27,2015-05-03,"Standard Class",GT-14710,"Greg Tran",Consumer,"United States",Washington,"District of Columbia",1954-10-19,East,TEC-MA-10004212,Technology,Machines,"Cisco SPA525G2 5-Line IP Phone",1379.92,8,0,648.56
CA-2015-141565,2015-09-20,2015-09-24,"Standard Class",BG-11035,"Barry Gonzalez",Consumer,"United States",Nashville,Tennessee,2001-11-16,South,OFF-BI-10000545,"Office Supplies",Binders,"GBC Ibimaster 500 Manual ProClick Binding System",1369.76,6,0.7,-913.18
CA-2016-107783,2016-07-28,2016-07-29,"First Class",OT-18730,"Olvera Toch",Consumer,"United States",Bethlehem,Pennsylvania,1949-04-30,East,OFF-BI-10000545,"Office Supplies",Binders,"GBC Ibimaster 500 Manual ProClick Binding System",1369.76,6,0.7,-913.18
CA-2014-111192,2014-07-30,2014-08-05,"Standard Class",TS-21430,"Tom Stivers",Corporate,"United States",Seattle,Washington,2168-08-04,West,FUR-BO-10002916,Furniture,Bookcases,"Rush Hierlooms Collection 1" Thick Stackable Bookcases",1367.84,8,0,259.89
CA-2016-105256,2016-05-20,2016-05-20,"Same Day",JK-15730,"Joe Kamberova",Consumer,"United States",Asheville,"North Carolina",1978-11-12,South,TEC-PH-10001530,Technology,Phones,"Cisco Unified IP Phone 7945G VoIP phone",1363.96,5,0.2,85.25
CA-2016-169103,2016-03-08,2016-03-13,"Standard Class",ZC-21910,"Zuschuss Carroll",Consumer,"United States",Miami,Florida,1990-09-26,South,TEC-PH-10001530,Technology,Phones,"Cisco Unified IP Phone 7945G VoIP phone",1363.96,5,0.2,85.25
CA-2016-144764,2016-09-02,2016-09-08,"Standard Class",RL-19615,"Rob Lucas",Consumer,"United States",Chicago,Illinois,2065-12-22,Central,TEC-MA-10003230,Technology,Machines,"Okidata C610n Printer",1362.9,3,0.3,-19.47
CA-2017-147760,2017-11-04,2017-11-05,"First Class",KL-16555,"Kelly Lampkin",Corporate,"United States",Greensboro,"North Carolina",1975-01-11,South,TEC-PH-10002483,Technology,Phones,"Motorola Moto X",1359.96,5,0.2,119
CA-2015-141243,2015-01-03,2015-01-08,"Second Class",AH-10465,"Amy Hunt",Consumer,"United States",Dallas,Texas,2105-12-07,Central,FUR-BO-10003272,Furniture,Bookcases,"O'Sullivan Living Dimensions 5-Shelf Bookcases",1352.4,9,0.32,-437.54
CA-2016-138968,2016-03-15,2016-03-16,"First Class",FC-14335,"Fred Chung",Corporate,"United States","San Francisco",California,2157-08-29,West,FUR-CH-10000309,Furniture,Chairs,"Global Comet Stacking Arm Chair",1352.03,4,0.2,84.5
CA-2016-110492,2016-02-12,2016-02-14,"First Class",JS-15880,"John Stevenson",Consumer,"United States",Atlanta,Georgia,1983-01-02,South,OFF-ST-10003716,"Office Supplies",Storage,"Tennsco Double-Tier Lockers",1350.12,6,0,175.52
CA-2014-125997,2014-09-20,2014-09-23,"First Class",MW-18220,"Mitch Webber",Consumer,"United States","New York City","New York",1927-05-29,East,TEC-PH-10003072,Technology,Phones,"Panasonic KX-TG9541B DECT 6.0 Digital 2-Line Expandable Cordless Phone With Digital Answering System",1349.91,9,0,661.46
CA-2016-165848,2016-06-04,2016-06-04,"Same Day",EN-13780,"Edward Nazzal",Consumer,"United States","New York City","New York",1927-06-22,East,TEC-MA-10003356,Technology,Machines,"Panasonic KX MC6040 Color Laser Multifunction Printer",1349.85,3,0,364.46
CA-2015-113404,2015-07-16,2015-07-16,"Same Day",EM-13810,"Eleni McCrary",Corporate,"United States","San Francisco",California,2157-09-10,West,FUR-CH-10003312,Furniture,Chairs,"Hon 2090 “Pillow Soft” Series Mid Back Swivel/Tilt Chairs",1348.7,6,0.2,-219.16
CA-2017-107167,2017-06-10,2017-06-14,"Standard Class",ND-18460,"Neil Ducich",Corporate,"United States",Jacksonville,Florida,1988-03-14,South,OFF-ST-10003805,"Office Supplies",Storage,"24 Capacity Maxi Data Binder Racks, Pearl",1347.52,8,0.2,84.22
CA-2015-105571,2015-11-07,2015-11-11,"Standard Class",CP-12340,"Christine Phan",Corporate,"United States",Miami,Florida,1990-09-26,South,OFF-BI-10001359,"Office Supplies",Binders,"GBC DocuBind TL300 Electric Binding System",1345.49,5,0.7,-1031.54
CA-2017-117457,2017-12-08,2017-12-12,"Standard Class",KH-16510,"Keith Herrera",Consumer,"United States","San Francisco",California,2157-08-29,West,FUR-BO-10001972,Furniture,Bookcases,"O'Sullivan 4-Shelf Bookcase in Odessa Pine",1336.83,13,0.15,31.45
CA-2016-105732,2016-09-13,2016-09-18,"Standard Class",AG-10270,"Alejandro Grove",Consumer,"United States",Omaha,Nebraska,2086-06-16,Central,FUR-FU-10003664,Furniture,Furnishings,"Electrix Architect's Clamp-On Swing Arm Lamp, Black",1336.44,14,0,387.57
CA-2016-113243,2016-06-10,2016-06-15,"Standard Class",OT-18730,"Olvera Toch",Consumer,"United States","Los Angeles",California,2146-07-13,West,FUR-TA-10004256,Furniture,Tables,"Bretford “Just In Time” Height-Adjustable Multi-Task Work Tables",1335.68,4,0.2,-217.05
CA-2017-105851,2017-03-13,2017-03-20,"Standard Class",SE-20110,"Sanjit Engle",Consumer,"United States",Denver,Colorado,2119-08-18,West,OFF-SU-10002881,"Office Supplies",Supplies,"Martin Yale Chadless Opener Electric Letter Opener",1332.5,2,0.2,-299.81
CA-2014-126403,2014-09-09,2014-09-12,"Second Class",RR-19525,"Rick Reed",Corporate,"United States",Lowell,Massachusetts,1905-01-25,East,OFF-ST-10000078,"Office Supplies",Storage,"Tennsco 6- and 18-Compartment Lockers",1325.85,5,0,238.65
CA-2014-157147,2014-01-13,2014-01-18,"Standard Class",BD-11605,"Brian Dahlen",Consumer,"United States","San Francisco",California,2157-08-28,West,OFF-ST-10000078,"Office Supplies",Storage,"Tennsco 6- and 18-Compartment Lockers",1325.85,5,0,238.65
US-2015-114741,2015-12-06,2015-12-10,"Standard Class",IL-15100,"Ivan Liston",Consumer,"United States","North Las Vegas",Nevada,2143-10-03,West,OFF-ST-10000078,"Office Supplies",Storage,"Tennsco 6- and 18-Compartment Lockers",1325.85,5,0,238.65
